﻿<OutOfBrowserSettings ShortName="LawFirm_Kaleb" EnableGPUAcceleration="False" ShowInstallMenuItem="False">
  <OutOfBrowserSettings.Blurb>LawFirm_Kaleb</OutOfBrowserSettings.Blurb>
  <OutOfBrowserSettings.WindowSettings>
    <WindowSettings Title="LawFirm_Kaleb" Top="0" Left="0" WindowStartupLocation="Manual" />
  </OutOfBrowserSettings.WindowSettings>
  <OutOfBrowserSettings.SecuritySettings>
    <SecuritySettings ElevatedPermissions="Required" />
  </OutOfBrowserSettings.SecuritySettings>
  <OutOfBrowserSettings.Icons />
</OutOfBrowserSettings>